Model,Description,Date,Precision,Recall,F1-score,LogLoss,Mcc,PublicScore,PrivateScore,OldPublicScore,OldPrivateScore,MeanOurMetrics
Decision Tree Classifier,La basemax_leaf_nodes : 6 + with date columns,2023-05-06 20:37:01.701978,0.8918918918918919,0.825,0.8571428571428571,0.01657803091153596,0.8575660878138084,,,[0.666666666],[0.661016949],0.8579002092121394
Random Forest Classifier,La basen_estimators : 36 + Entropy,2023-05-06 20:37:02.891559,0.8,0.9,0.8470588235294118,0.019592218349997,0.8482615719854126,,,[0.69090909],[0.649122807],0.8488300988787062
XGBClassifier,La basescale_pos_weight = 22,2023-05-06 20:37:04.316049,0.8409090909090909,0.925,0.8809523809523809,0.015070937192305438,0.8817472211614181,,,[0.677419354],[0.676923076],0.8821521732557225
RandomForestClassifierUpperSampling,"La baseupsampled, n_estimators=36, criterion = entropy",2023-05-06 20:37:06.774426,0.7659574468085106,0.9,0.8275862068965516,0.02260640578845805,0.8299747399839703,,,[0.678571428],[0.637168141],0.8308795984222581
RandomForestClassifierUnderSampling,"La baseundersampled, n_estimators=36, criterion = entropy",2023-05-06 20:37:09.025865,0.7659574468085106,0.9,0.8275862068965516,0.02260640578845805,0.8299747399839703,,,[0.549019607],[0.48076923],0.8308795984222581
Decision Tree Classifier,Sans veryLow MImax_leaf_nodes : 6 + with date columns,2023-05-06 20:51:15.706650,0.9428571428571428,0.825,0.88,0.013563843473074917,0.8817802242493242,,,[0.666666666],[0.661016949],0.8824093417766168
Random Forest Classifier,Sans veryLow MIn_estimators : 36 + Entropy,2023-05-06 20:51:16.916077,0.7555555555555555,0.85,0.7999999999999998,0.025620593226919088,0.8010371994340306,,,[0.69090909],[0.649122807],0.8016481887473965
XGBClassifier,Sans veryLow MIscale_pos_weight = 22,2023-05-06 20:51:18.180099,0.8604651162790697,0.925,0.891566265060241,0.013563843473074917,0.8919628863065155,,,[0.677419354],[0.676923076],0.8922485669114566
RandomForestClassifierUpperSampling,"Sans veryLow MIupsampled, n_estimators=36, criterion = entropy",2023-05-06 20:51:20.658177,0.782608695652174,0.9,0.8372093023255814,0.021099312069227525,0.8389691882650828,,,[0.678571428],[0.637168141],0.8396967965607095
RandomForestClassifierUnderSampling,"Sans veryLow MIundersampled, n_estimators=36, criterion = entropy",2023-05-06 20:51:22.937609,0.782608695652174,0.9,0.8372093023255814,0.021099312069227525,0.8389691882650828,,,[0.549019607],[0.48076923],0.8396967965607095
Decision Tree Classifier,Sans Low MImax_leaf_nodes : 6 + with date columns,2023-05-06 20:51:23.078874,0.5,0.05,0.09090909090909091,0.06028374876922109,0.15773012408095563,,,[0.666666666],[0.661016949],0.19965980374751166
Random Forest Classifier,Sans Low MIn_estimators : 36 + Entropy,2023-05-06 20:51:24.053805,0.5666666666666667,0.425,0.48571428571428565,0.054255373892298994,0.4900164114813236,,,[0.69090909],[0.649122807],0.491849340965569
XGBClassifier,Sans Low MIscale_pos_weight = 22,2023-05-06 20:51:24.981709,0.39705882352941174,0.675,0.5,0.08138306083844839,0.5166873861045466,,,[0.677419354],[0.676923076],0.5221865524084895
RandomForestClassifierUpperSampling,"Sans Low MIupsampled, n_estimators=36, criterion = entropy",2023-05-06 20:51:27.254243,0.34285714285714286,0.6,0.43636363636363634,0.09343981059229256,0.45238527766960396,,,[0.678571428],[0.637168141],0.4579015142225958
RandomForestClassifierUnderSampling,"Sans Low MIundersampled, n_estimators=36, criterion = entropy",2023-05-06 20:51:29.419018,0.34285714285714286,0.6,0.43636363636363634,0.09343981059229256,0.45238527766960396,,,[0.549019607],[0.48076923],0.4579015142225958
Decision Tree Classifier,Sans mediumMI MImax_leaf_nodes : 6 + with date columns,2023-05-06 20:51:29.534162,,0.0,,0.06028374876922109,0.0,,,[0.666666666],[0.661016949],0.0
Random Forest Classifier,Sans mediumMI MIn_estimators : 36 + Entropy,2023-05-06 20:51:29.969941,,0.0,,0.06028374876922109,0.0,,,[0.69090909],[0.649122807],0.0
XGBClassifier,Sans mediumMI MIscale_pos_weight = 22,2023-05-06 20:51:30.439168,0.15217391304347827,0.175,0.1627906976744186,0.10851074778459775,0.1616854682371898,,,[0.677419354],[0.676923076],0.16291251973877166
RandomForestClassifierUpperSampling,"Sans mediumMI MIupsampled, n_estimators=36, criterion = entropy",2023-05-06 20:51:31.381130,0.010615711252653927,0.875,0.020976925382079712,4.923675180726113,0.087517707490139,,,[0.678571428],[0.637168141],0.24852758603121816
RandomForestClassifierUnderSampling,"Sans mediumMI MIundersampled, n_estimators=36, criterion = entropy",2023-05-06 20:51:32.149516,0.010615711252653927,0.875,0.020976925382079712,4.923675180726113,0.087517707490139,,,[0.549019607],[0.48076923],0.24852758603121816
DecisionTreeClassifier,The referencemax_leaf_nodes : 6 + with date columns,2023-05-07 12:06:12.077756,0.8918918918918919,0.825,0.8571428571428571,0.01657803091153596,0.8575660878138084,,,"[0.666666666, 0.666666666]","[0.661016949, 0.661016949]",0.8579002092121394
Random Forest Classifier,The referencen_estimators : 36 + Entropy,2023-05-07 12:06:13.810833,0.813953488372093,0.875,0.8433734939759036,0.019592218349997,0.8436547778318206,,,"[0.69090909, 0.666666666]","[0.649122807, 0.649122807]",0.8439954400449543
XGBClassifier,The referencescale_pos_weight = 22,2023-05-07 12:06:16.406438,0.8222222222222222,0.925,0.8705882352941177,0.01657803091153596,0.8718737582611037,,,"[0.677419354, 0.711864406]","[0.676923076, 0.715447154]",0.8724210539443609
RandomForestClassifierUpperSampling,"The referenceupsampled, n_estimators=36, criterion = entropy",2023-05-07 12:06:20.249096,0.7777777777777778,0.875,0.823529411764706,0.02260640578845805,0.8246493857097217,,,"[0.678571428, 0.642857142]","[0.637168141, 0.620689655]",0.8252391438130513
RandomForestClassifierUnderSampling,"The referenceundersampled, n_estimators=36, criterion = entropy",2023-05-07 12:06:23.944705,0.7777777777777778,0.875,0.823529411764706,0.02260640578845805,0.8246493857097217,,,"[0.549019607, 0.642857142]","[0.48076923, 0.620689655]",0.8252391438130513
DecisionTreeClassifier,Delete very low MImax_leaf_nodes : 6 + with date columns,2023-05-07 12:15:59.362979,0.6666666666666666,0.1,0.1739130434782609,0.057269561330760034,0.2577991157629868,,,"[0.666666666, 0.666666666]","[0.661016949, 0.661016949]",0.29959470647697856
Random Forest Classifier,Delete very low MIn_estimators : 36 + Entropy,2023-05-07 12:16:01.466270,0.6956521739130435,0.4,0.507936507936508,0.04671990529614639,0.5269301855423343,,,"[0.69090909, 0.666666666]","[0.649122807, 0.649122807]",0.5326297168479714
XGBClassifier,Delete very low MIscale_pos_weight = 22,2023-05-07 12:16:05.133214,0.4666666666666667,0.525,0.49411764705882355,0.06480502992691266,0.494078777850047,,,"[0.677419354, 0.711864406]","[0.676923076, 0.715447154]",0.4949657728938843
RandomForestClassifierUpperSampling,"Delete very low MIupsampled, n_estimators=36, criterion = entropy",2023-05-07 12:16:10.263521,0.48484848484848486,0.4,0.4383561643835617,0.06179084248845161,0.4395371792204713,,,"[0.678571428, 0.642857142]","[0.637168141, 0.620689655]",0.44068545711312945
RandomForestClassifierUnderSampling,"Delete very low MIundersampled, n_estimators=36, criterion = entropy",2023-05-07 12:16:16.094689,0.48484848484848486,0.4,0.4383561643835617,0.06179084248845161,0.4395371792204713,,,"[0.549019607, 0.642857142]","[0.48076923, 0.620689655]",0.44068545711312945
DecisionTreeClassifier,Delete low MImax_leaf_nodes : 6 + with date columns,2023-05-07 12:17:16.753512,0.5,0.05,0.09090909090909091,0.06028374876922109,0.15773012408095563,,,"[0.666666666, 0.666666666]","[0.661016949, 0.661016949]",0.19965980374751166
Random Forest Classifier,Delete low MIn_estimators : 36 + Entropy,2023-05-07 12:17:18.359619,0.6153846153846154,0.4,0.4848484848484849,0.05124118645383795,0.495474200352689,,,"[0.69090909, 0.666666666]","[0.649122807, 0.649122807]",0.4989268251464473
XGBClassifier,Delete low MIscale_pos_weight = 22,2023-05-07 12:17:20.473752,0.391304347826087,0.675,0.4954128440366973,0.08289015455767891,0.5129084556669591,,,"[0.677419354, 0.711864406]","[0.676923076, 0.715447154]",0.5186564118824358
RandomForestClassifierUpperSampling,"Delete low MIupsampled, n_estimators=36, criterion = entropy",2023-05-07 12:17:24.407633,0.3582089552238806,0.6,0.44859813084112143,0.08891852943460099,0.4624704580799411,,,"[0.678571428, 0.642857142]","[0.637168141, 0.620689655]",0.46731938603623574
RandomForestClassifierUnderSampling,"Delete low MIundersampled, n_estimators=36, criterion = entropy",2023-05-07 12:17:28.474652,0.3582089552238806,0.6,0.44859813084112143,0.08891852943460099,0.4624704580799411,,,"[0.549019607, 0.642857142]","[0.48076923, 0.620689655]",0.46731938603623574
DecisionTreeClassifier,Delete low MImax_leaf_nodes : 6 + with date columns,2023-05-07 12:21:00.573581,0.5,0.05,0.09090909090909091,0.06028374876922109,0.15773012408095563,,,"[0.666666666, 0.666666666]","[0.661016949, 0.661016949]",0.19965980374751166
Random Forest Classifier,Delete low MIn_estimators : 36 + Entropy,2023-05-07 12:21:01.947710,0.6153846153846154,0.4,0.4848484848484849,0.05124118645383795,0.495474200352689,,,"[0.69090909, 0.666666666]","[0.649122807, 0.649122807]",0.4989268251464473
XGBClassifier,Delete low MIscale_pos_weight = 22,2023-05-07 12:21:04.540179,0.391304347826087,0.675,0.4954128440366973,0.08289015455767891,0.5129084556669591,,,"[0.677419354, 0.711864406]","[0.676923076, 0.715447154]",0.5186564118824358
RandomForestClassifierUpperSampling,"Delete low MIupsampled, n_estimators=36, criterion = entropy",2023-05-07 12:21:08.307593,0.3582089552238806,0.6,0.44859813084112143,0.08891852943460099,0.4624704580799411,,,"[0.678571428, 0.642857142]","[0.637168141, 0.620689655]",0.46731938603623574
RandomForestClassifierUnderSampling,"Delete low MIundersampled, n_estimators=36, criterion = entropy",2023-05-07 12:21:12.017581,0.3582089552238806,0.6,0.44859813084112143,0.08891852943460099,0.4624704580799411,,,"[0.549019607, 0.642857142]","[0.48076923, 0.620689655]",0.46731938603623574
DecisionTreeClassifier,Delete medium MImax_leaf_nodes : 6 + with date columns,2023-05-07 12:21:51.411971,,0.0,,0.06028374876922109,0.0,,,"[0.666666666, 0.666666666]","[0.661016949, 0.661016949]",0.0
Random Forest Classifier,Delete medium MIn_estimators : 36 + Entropy,2023-05-07 12:21:51.972419,,0.0,,0.06028374876922109,0.0,,,"[0.69090909, 0.666666666]","[0.649122807, 0.649122807]",0.0
XGBClassifier,Delete medium MIscale_pos_weight = 22,2023-05-07 12:21:53.007069,0.15217391304347827,0.175,0.1627906976744186,0.10851074778459775,0.1616854682371898,,,"[0.677419354, 0.711864406]","[0.676923076, 0.715447154]",0.16291251973877166
RandomForestClassifierUpperSampling,"Delete medium MIupsampled, n_estimators=36, criterion = entropy",2023-05-07 12:21:54.159265,0.010397553516819572,0.85,0.020543806646525678,4.885997837745351,0.08497687548068528,,,"[0.678571428, 0.642857142]","[0.637168141, 0.620689655]",0.24147955891100764
RandomForestClassifierUnderSampling,"Delete medium MIundersampled, n_estimators=36, criterion = entropy",2023-05-07 12:21:55.271139,0.010397553516819572,0.85,0.020543806646525678,4.885997837745351,0.08497687548068528,,,"[0.549019607, 0.642857142]","[0.48076923, 0.620689655]",0.24147955891100764
DecisionTreeClassifier,Delete medium MImax_leaf_nodes : 6 + with date columns,2023-05-07 12:22:06.938129,,0.0,,0.06028374876922109,0.0,,,"[0.666666666, 0.666666666]","[0.661016949, 0.661016949]",0.0
Random Forest Classifier,Delete medium MIn_estimators : 36 + Entropy,2023-05-07 12:22:07.463399,,0.0,,0.06028374876922109,0.0,,,"[0.69090909, 0.666666666]","[0.649122807, 0.649122807]",0.0
XGBClassifier,Delete medium MIscale_pos_weight = 22,2023-05-07 12:22:08.621075,0.15217391304347827,0.175,0.1627906976744186,0.10851074778459775,0.1616854682371898,,,"[0.677419354, 0.711864406]","[0.676923076, 0.715447154]",0.16291251973877166
RandomForestClassifierUpperSampling,"Delete medium MIupsampled, n_estimators=36, criterion = entropy",2023-05-07 12:22:09.770741,0.010397553516819572,0.85,0.020543806646525678,4.885997837745351,0.08497687548068528,,,"[0.678571428, 0.642857142]","[0.637168141, 0.620689655]",0.24147955891100764
RandomForestClassifierUnderSampling,"Delete medium MIundersampled, n_estimators=36, criterion = entropy",2023-05-07 12:22:10.889597,0.010397553516819572,0.85,0.020543806646525678,4.885997837745351,0.08497687548068528,,,"[0.549019607, 0.642857142]","[0.48076923, 0.620689655]",0.24147955891100764
DecisionTreeClassifier,The referencemax_leaf_nodes : 6 + with date columns,2023-05-07 12:46:35.823519,0.8918918918918919,0.825,0.8571428571428571,0.01657803091153596,0.8575660878138084,,,"[0.666666666, 0.666666666]","[0.661016949, 0.661016949]",0.8579002092121394
Random Forest Classifier,The referencen_estimators : 36 + Entropy,2023-05-07 12:46:37.241209,0.813953488372093,0.875,0.8433734939759036,0.019592218349997,0.8436547778318206,,,"[0.69090909, 0.666666666]","[0.649122807, 0.649122807]",0.8439954400449543
XGBClassifier,The referencescale_pos_weight = 22,2023-05-07 12:46:39.011324,0.8222222222222222,0.925,0.8705882352941177,0.01657803091153596,0.8718737582611037,,,"[0.677419354, 0.711864406]","[0.676923076, 0.715447154]",0.8724210539443609
RandomForestClassifierUpperSampling,"The referenceupsampled, n_estimators=36, criterion = entropy",2023-05-07 12:46:41.560679,0.7777777777777778,0.875,0.823529411764706,0.02260640578845805,0.8246493857097217,,,"[0.678571428, 0.642857142]","[0.637168141, 0.620689655]",0.8252391438130513
RandomForestClassifierUnderSampling,"The referenceundersampled, n_estimators=36, criterion = entropy",2023-05-07 12:46:43.928146,0.7777777777777778,0.875,0.823529411764706,0.02260640578845805,0.8246493857097217,,,"[0.549019607, 0.642857142]","[0.48076923, 0.620689655]",0.8252391438130513
DecisionTreeClassifier,Delete very low MImax_leaf_nodes : 6 + with date columns,2023-05-07 12:47:02.126949,0.9428571428571428,0.825,0.88,0.013563843473074917,0.8817802242493242,,,"[0.666666666, 0.666666666]","[0.661016949, 0.661016949]",0.8824093417766168
Random Forest Classifier,Delete very low MIn_estimators : 36 + Entropy,2023-05-07 12:47:03.327308,0.7555555555555555,0.85,0.7999999999999998,0.025620593226919088,0.8010371994340306,,,"[0.69090909, 0.666666666]","[0.649122807, 0.649122807]",0.8016481887473965
XGBClassifier,Delete very low MIscale_pos_weight = 22,2023-05-07 12:47:04.804995,0.8604651162790697,0.925,0.891566265060241,0.013563843473074915,0.8919628863065155,,,"[0.677419354, 0.711864406]","[0.676923076, 0.715447154]",0.8922485669114566
RandomForestClassifierUpperSampling,"Delete very low MIupsampled, n_estimators=36, criterion = entropy",2023-05-07 12:47:07.491174,0.7555555555555555,0.85,0.7999999999999998,0.025620593226919088,0.8010371994340306,,,"[0.678571428, 0.642857142]","[0.637168141, 0.620689655]",0.8016481887473965
RandomForestClassifierUnderSampling,"Delete very low MIundersampled, n_estimators=36, criterion = entropy",2023-05-07 12:47:10.004284,0.7555555555555555,0.85,0.7999999999999998,0.025620593226919088,0.8010371994340306,,,"[0.549019607, 0.642857142]","[0.48076923, 0.620689655]",0.8016481887473965
DecisionTreeClassifier,Delete low MImax_leaf_nodes : 6 + with date columns,2023-05-07 12:47:10.178916,0.5,0.05,0.09090909090909091,0.06028374876922109,0.15773012408095563,,,"[0.666666666, 0.666666666]","[0.661016949, 0.661016949]",0.19965980374751166
Random Forest Classifier,Delete low MIn_estimators : 36 + Entropy,2023-05-07 12:47:11.184763,0.6153846153846154,0.4,0.4848484848484849,0.05124118645383795,0.495474200352689,,,"[0.69090909, 0.666666666]","[0.649122807, 0.649122807]",0.4989268251464473
XGBClassifier,Delete low MIscale_pos_weight = 22,2023-05-07 12:47:12.293870,0.391304347826087,0.675,0.4954128440366973,0.08289015455767891,0.5129084556669591,,,"[0.677419354, 0.711864406]","[0.676923076, 0.715447154]",0.5186564118824358
RandomForestClassifierUpperSampling,"Delete low MIupsampled, n_estimators=36, criterion = entropy",2023-05-07 12:47:14.670724,0.3582089552238806,0.6,0.44859813084112143,0.08891852943460099,0.4624704580799411,,,"[0.678571428, 0.642857142]","[0.637168141, 0.620689655]",0.46731938603623574
RandomForestClassifierUnderSampling,"Delete low MIundersampled, n_estimators=36, criterion = entropy",2023-05-07 12:47:17.138152,0.3582089552238806,0.6,0.44859813084112143,0.08891852943460099,0.4624704580799411,,,"[0.549019607, 0.642857142]","[0.48076923, 0.620689655]",0.46731938603623574
DecisionTreeClassifier,Delete medium MImax_leaf_nodes : 6 + with date columns,2023-05-07 12:47:17.292606,,0.0,,0.06028374876922109,0.0,,,"[0.666666666, 0.666666666]","[0.661016949, 0.661016949]",0.0
Random Forest Classifier,Delete medium MIn_estimators : 36 + Entropy,2023-05-07 12:47:17.763021,,0.0,,0.06028374876922109,0.0,,,"[0.69090909, 0.666666666]","[0.649122807, 0.649122807]",0.0
XGBClassifier,Delete medium MIscale_pos_weight = 22,2023-05-07 12:47:18.356777,0.15217391304347827,0.175,0.1627906976744186,0.10851074778459775,0.1616854682371898,,,"[0.677419354, 0.711864406]","[0.676923076, 0.715447154]",0.16291251973877166
RandomForestClassifierUpperSampling,"Delete medium MIupsampled, n_estimators=36, criterion = entropy",2023-05-07 12:47:19.203122,0.010397553516819572,0.85,0.020543806646525678,4.885997837745351,0.08497687548068528,,,"[0.678571428, 0.642857142]","[0.637168141, 0.620689655]",0.24147955891100764
RandomForestClassifierUnderSampling,"Delete medium MIundersampled, n_estimators=36, criterion = entropy",2023-05-07 12:47:20.018901,0.010397553516819572,0.85,0.020543806646525678,4.885997837745351,0.08497687548068528,,,"[0.549019607, 0.642857142]","[0.48076923, 0.620689655]",0.24147955891100764
DecisionTreeClassifier,The referencemax_leaf_nodes : 6 + with date columns,2023-05-07 13:25:42.254567,0.8918918918918919,0.825,0.8571428571428571,0.01657803091153596,0.8575660878138084,,,"[0.666666666, 0.666666666]","[0.661016949, 0.661016949]",0.8579002092121394
Random Forest Classifier,The referencen_estimators : 36 + Entropy,2023-05-07 13:25:43.394324,0.813953488372093,0.875,0.8433734939759036,0.019592218349997,0.8436547778318206,,,"[0.69090909, 0.666666666]","[0.649122807, 0.649122807]",0.8439954400449543
XGBClassifier,The referencescale_pos_weight = 22,2023-05-07 13:25:44.947614,0.8222222222222222,0.925,0.8705882352941177,0.01657803091153596,0.8718737582611037,,,"[0.677419354, 0.711864406]","[0.676923076, 0.715447154]",0.8724210539443609
RandomForestClassifierUpperSampling,"The referenceupsampled, n_estimators=36, criterion = entropy",2023-05-07 13:25:47.404871,0.7777777777777778,0.875,0.823529411764706,0.02260640578845805,0.8246493857097217,,,"[0.678571428, 0.642857142]","[0.637168141, 0.620689655]",0.8252391438130513
RandomForestClassifierUnderSampling,"The referenceundersampled, n_estimators=36, criterion = entropy",2023-05-07 13:25:49.740409,0.7777777777777778,0.875,0.823529411764706,0.02260640578845805,0.8246493857097217,,,"[0.549019607, 0.642857142]","[0.48076923, 0.620689655]",0.8252391438130513
DecisionTreeClassifier,Kmeans UnderSamplingmax_leaf_nodes : 6 + with date columns,2023-05-07 13:33:53.051187,0.9803921568627451,1.0,0.99009900990099,0.371584055557909,0.9795574252027907,,,"[0.666666666, 0.666666666]","[0.661016949, 0.661016949]",0.9875121479916315
Random Forest Classifier,Kmeans UnderSamplingn_estimators : 36 + Entropy,2023-05-07 13:33:53.211247,0.9795918367346939,0.96,0.9696969696969697,1.1147521666737266,0.9383242022792591,,,"[0.69090909, 0.666666666]","[0.649122807, 0.649122807]",0.9619032521777306
XGBClassifier,Kmeans UnderSamplingscale_pos_weight = 22,2023-05-07 13:33:53.327749,0.9795918367346939,0.96,0.9696969696969697,1.1147521666737266,0.9383242022792591,,,"[0.677419354, 0.711864406]","[0.676923076, 0.715447154]",0.9619032521777306
DecisionTreeClassifier,Kmeans UnderSamplingmax_leaf_nodes : 6 + with date columns,2023-05-07 13:34:20.222747,0.9803921568627451,1.0,0.99009900990099,0.371584055557909,0.9795574252027907,,,"[0.666666666, 0.666666666]","[0.661016949, 0.661016949]",0.9875121479916315
Random Forest Classifier,Kmeans UnderSamplingn_estimators : 36 + Entropy,2023-05-07 13:34:20.402362,0.9795918367346939,0.96,0.9696969696969697,1.1147521666737266,0.9383242022792591,,,"[0.69090909, 0.666666666]","[0.649122807, 0.649122807]",0.9619032521777306
XGBClassifier,Kmeans UnderSamplingscale_pos_weight = 22,2023-05-07 13:34:20.519574,0.9795918367346939,0.96,0.9696969696969697,1.1147521666737266,0.9383242022792591,,,"[0.677419354, 0.711864406]","[0.676923076, 0.715447154]",0.9619032521777306
DecisionTreeClassifier,The referencemax_leaf_nodes : 6 + with date columns,2023-05-07 15:24:29.028077,0.8918918918918919,0.825,0.8571428571428571,0.01657803091153596,0.8575660878138084,,,"[0.666666666, 0.666666666]","[0.661016949, 0.661016949]",0.8579002092121394
Random Forest Classifier,The referencen_estimators : 36 + Entropy,2023-05-07 15:24:30.174107,0.813953488372093,0.875,0.8433734939759036,0.019592218349997,0.8436547778318206,,,"[0.69090909, 0.666666666]","[0.649122807, 0.649122807]",0.8439954400449543
XGBClassifier,The referencescale_pos_weight = 22,2023-05-07 15:24:31.524435,0.8222222222222222,0.925,0.8705882352941177,0.01657803091153596,0.8718737582611037,,,"[0.677419354, 0.711864406]","[0.676923076, 0.715447154]",0.8724210539443609
RandomForestClassifierUpperSampling,"The referenceupsampled, n_estimators=36, criterion = entropy",2023-05-07 15:24:33.901059,0.7777777777777778,0.875,0.823529411764706,0.02260640578845805,0.8246493857097217,,,"[0.678571428, 0.642857142]","[0.637168141, 0.620689655]",0.8252391438130513
RandomForestClassifierUnderSampling,"The referenceundersampled, n_estimators=36, criterion = entropy",2023-05-07 15:24:36.215806,0.7777777777777778,0.875,0.823529411764706,0.02260640578845805,0.8246493857097217,,,"[0.549019607, 0.642857142]","[0.48076923, 0.620689655]",0.8252391438130513
DecisionTreeClassifier,Delete very low MImax_leaf_nodes : 6 + with date columns,2023-05-07 15:24:53.346300,0.9428571428571428,0.825,0.88,0.013563843473074917,0.8817802242493242,,,"[0.666666666, 0.666666666]","[0.661016949, 0.661016949]",0.8824093417766168
Random Forest Classifier,Delete very low MIn_estimators : 36 + Entropy,2023-05-07 15:24:54.535153,0.7446808510638298,0.875,0.8045977011494252,0.025620593226919088,0.8068694340793257,,,"[0.69090909, 0.666666666]","[0.649122807, 0.649122807]",0.8077869965731451
XGBClassifier,Delete very low MIscale_pos_weight = 22,2023-05-07 15:24:55.834461,0.8604651162790697,0.925,0.891566265060241,0.013563843473074915,0.8919628863065155,,,"[0.677419354, 0.711864406]","[0.676923076, 0.715447154]",0.8922485669114566
RandomForestClassifierUpperSampling,"Delete very low MIupsampled, n_estimators=36, criterion = entropy",2023-05-07 15:24:58.484317,0.7608695652173914,0.875,0.813953488372093,0.024113499507688565,0.8156145772296383,,,"[0.678571428, 0.642857142]","[0.637168141, 0.620689655]",0.8163594077047807
RandomForestClassifierUnderSampling,"Delete very low MIundersampled, n_estimators=36, criterion = entropy",2023-05-07 15:25:00.857800,0.7608695652173914,0.875,0.813953488372093,0.024113499507688565,0.8156145772296383,,,"[0.549019607, 0.642857142]","[0.48076923, 0.620689655]",0.8163594077047807
DecisionTreeClassifier,Delete low MImax_leaf_nodes : 6 + with date columns,2023-05-07 15:25:01.018953,0.5,0.05,0.09090909090909091,0.06028374876922109,0.15773012408095563,,,"[0.666666666, 0.666666666]","[0.661016949, 0.661016949]",0.19965980374751166
Random Forest Classifier,Delete low MIn_estimators : 36 + Entropy,2023-05-07 15:25:01.981776,0.6153846153846154,0.4,0.4848484848484849,0.05124118645383795,0.495474200352689,,,"[0.69090909, 0.666666666]","[0.649122807, 0.649122807]",0.4989268251464473
XGBClassifier,Delete low MIscale_pos_weight = 22,2023-05-07 15:25:02.889844,0.391304347826087,0.675,0.4954128440366973,0.08289015455767891,0.5129084556669591,,,"[0.677419354, 0.711864406]","[0.676923076, 0.715447154]",0.5186564118824358
RandomForestClassifierUpperSampling,"Delete low MIupsampled, n_estimators=36, criterion = entropy",2023-05-07 15:25:05.185478,0.3582089552238806,0.6,0.44859813084112143,0.08891852943460099,0.4624704580799411,,,"[0.678571428, 0.642857142]","[0.637168141, 0.620689655]",0.46731938603623574
RandomForestClassifierUnderSampling,"Delete low MIundersampled, n_estimators=36, criterion = entropy",2023-05-07 15:25:07.440366,0.3582089552238806,0.6,0.44859813084112143,0.08891852943460099,0.4624704580799411,,,"[0.549019607, 0.642857142]","[0.48076923, 0.620689655]",0.46731938603623574
DecisionTreeClassifier,Delete medium MImax_leaf_nodes : 6 + with date columns,2023-05-07 15:25:07.577810,,0.0,,0.06028374876922109,0.0,,,"[0.666666666, 0.666666666]","[0.661016949, 0.661016949]",0.0
Random Forest Classifier,Delete medium MIn_estimators : 36 + Entropy,2023-05-07 15:25:08.020297,,0.0,,0.06028374876922109,0.0,,,"[0.69090909, 0.666666666]","[0.649122807, 0.649122807]",0.0
XGBClassifier,Delete medium MIscale_pos_weight = 22,2023-05-07 15:25:08.523616,0.15217391304347827,0.175,0.1627906976744186,0.10851074778459775,0.1616854682371898,,,"[0.677419354, 0.711864406]","[0.676923076, 0.715447154]",0.16291251973877166
RandomForestClassifierUpperSampling,"Delete medium MIupsampled, n_estimators=36, criterion = entropy",2023-05-07 15:25:09.386837,0.010397553516819572,0.85,0.020543806646525678,4.885997837745351,0.08497687548068528,,,"[0.678571428, 0.642857142]","[0.637168141, 0.620689655]",0.24147955891100764
RandomForestClassifierUnderSampling,"Delete medium MIundersampled, n_estimators=36, criterion = entropy",2023-05-07 15:25:10.200710,0.010397553516819572,0.85,0.020543806646525678,4.885997837745351,0.08497687548068528,,,"[0.549019607, 0.642857142]","[0.48076923, 0.620689655]",0.24147955891100764
DecisionTreeClassifier,Kmeans UnderSamplingmax_leaf_nodes : 6 + with date columns,2023-05-07 15:29:11.847118,0.9803921568627451,1.0,0.99009900990099,0.371584055557909,0.9795574252027907,,,"[0.666666666, 0.666666666]","[0.661016949, 0.661016949]",0.9875121479916315
Random Forest Classifier,Kmeans UnderSamplingn_estimators : 36 + Entropy,2023-05-07 15:29:12.003751,0.9795918367346939,0.96,0.9696969696969697,1.1147521666737266,0.9383242022792591,,,"[0.69090909, 0.666666666]","[0.649122807, 0.649122807]",0.9619032521777306
XGBClassifier,Kmeans UnderSamplingscale_pos_weight = 22,2023-05-07 15:29:12.104845,0.9795918367346939,0.96,0.9696969696969697,1.1147521666737266,0.9383242022792591,,,"[0.677419354, 0.711864406]","[0.676923076, 0.715447154]",0.9619032521777306
DecisionTreeClassifier,SMOTEmax_leaf_nodes : 6 + with date columns,2023-05-07 15:51:42.696187,0.11337209302325581,0.975,0.20312499999999997,0.46117067808453976,0.33022525191612273,,,"[0.666666666, 0.666666666, 0.006575486]","[0.661016949, 0.661016949, 0.006863327]",0.4054305862348446
Random Forest Classifier,SMOTEn_estimators : 36 + Entropy,2023-05-07 15:51:46.648790,0.72,0.9,0.7999999999999999,0.027127686946149605,0.8046285321834306,,,"[0.69090909, 0.666666666, 0.007513148]","[0.649122807, 0.649122807, 0.007794933]",0.8061571330458577
XGBClassifier,SMOTEscale_pos_weight = 22,2023-05-07 15:51:49.908614,0.8043478260869565,0.925,0.8604651162790697,0.01808512463076648,0.8623237993005274,,,"[0.677419354, 0.711864406, 0.092764378]","[0.676923076, 0.715447154, 0.096564531]",0.8630341854166385
DecisionTreeClassifier,SMOTEmax_leaf_nodes : 6 + with date columns,2023-05-07 15:54:18.445846,0.11337209302325581,0.975,0.20312499999999997,0.46117067808453976,0.33022525191612273,,,"[0.666666666, 0.666666666, 0.006575486]","[0.661016949, 0.661016949, 0.006863327]",0.4054305862348446
Random Forest Classifier,SMOTEn_estimators : 36 + Entropy,2023-05-07 15:54:22.573823,0.72,0.9,0.7999999999999999,0.027127686946149605,0.8046285321834306,,,"[0.69090909, 0.666666666, 0.007513148]","[0.649122807, 0.649122807, 0.007794933]",0.8061571330458577
XGBClassifier,SMOTEscale_pos_weight = 22,2023-05-07 15:54:25.891247,0.8043478260869565,0.925,0.8604651162790697,0.01808512463076648,0.8623237993005274,,,"[0.677419354, 0.711864406, 0.092764378]","[0.676923076, 0.715447154, 0.096564531]",0.8630341854166385
DecisionTreeClassifier,The referencemax_leaf_nodes : 6 + with date columns,2023-05-07 16:03:58.956220,0.8918918918918919,0.825,0.8571428571428571,0.01657803091153596,0.8575660878138084,,,"[0.666666666, 0.666666666, 0.006575486]","[0.661016949, 0.661016949, 0.006863327]",0.8579002092121394
Random Forest Classifier,The referencen_estimators : 36 + Entropy,2023-05-07 16:04:00.081846,0.813953488372093,0.875,0.8433734939759036,0.019592218349997,0.8436547778318206,,,"[0.69090909, 0.666666666, 0.007513148]","[0.649122807, 0.649122807, 0.007794933]",0.8439954400449543
Random Forest ClassifierWeighted,The referencen_estimators : 36 + Entropy,2023-05-07 16:04:01.229840,0.8043478260869565,0.925,0.8604651162790697,0.01808512463076648,0.8623237993005274,,,0,0,0.8630341854166385
XGBClassifier,The referencescale_pos_weight = 22,2023-05-07 16:04:02.579692,0.8222222222222222,0.925,0.8705882352941177,0.01657803091153596,0.8718737582611037,,,"[0.677419354, 0.711864406, 0.092764378]","[0.676923076, 0.715447154, 0.096564531]",0.8724210539443609
RandomForestClassifierUpperSampling,"The referenceupsampled, n_estimators=36, criterion = entropy",2023-05-07 16:04:04.912401,0.7777777777777778,0.875,0.823529411764706,0.02260640578845805,0.8246493857097217,,,"[0.678571428, 0.642857142]","[0.637168141, 0.620689655]",0.8252391438130513
RandomForestClassifierUnderSampling,"The referenceundersampled, n_estimators=36, criterion = entropy",2023-05-07 16:04:07.091073,0.7777777777777778,0.875,0.823529411764706,0.02260640578845805,0.8246493857097217,,,"[0.549019607, 0.642857142]","[0.48076923, 0.620689655]",0.8252391438130513
DecisionTreeClassifier,The referencemax_leaf_nodes : 6 + with date columns,2023-05-07 16:04:41.761799,0.8918918918918919,0.825,0.8571428571428571,0.01657803091153596,0.8575660878138084,,,"[0.666666666, 0.666666666, 0.006575486]","[0.661016949, 0.661016949, 0.006863327]",0.8579002092121394
Random Forest Classifier,The referencen_estimators : 36 + Entropy,2023-05-07 16:04:42.879309,0.813953488372093,0.875,0.8433734939759036,0.019592218349997,0.8436547778318206,,,"[0.69090909, 0.666666666, 0.007513148]","[0.649122807, 0.649122807, 0.007794933]",0.8439954400449543
Random Forest ClassifierWeighted,The referencen_estimators : 36 + Entropy,2023-05-07 16:04:44.157939,0.8043478260869565,0.925,0.8604651162790697,0.01808512463076648,0.8623237993005274,,,0,0,0.8630341854166385
XGBClassifier,The referencescale_pos_weight = 22,2023-05-07 16:04:45.571419,0.8222222222222222,0.925,0.8705882352941177,0.01657803091153596,0.8718737582611037,,,"[0.677419354, 0.711864406, 0.092764378]","[0.676923076, 0.715447154, 0.096564531]",0.8724210539443609
RandomForestClassifierUpperSampling,"The referenceupsampled, n_estimators=36, criterion = entropy",2023-05-07 16:04:47.906190,0.7777777777777778,0.875,0.823529411764706,0.02260640578845805,0.8246493857097217,,,"[0.678571428, 0.642857142]","[0.637168141, 0.620689655]",0.8252391438130513
RandomForestClassifierUnderSampling,"The referenceundersampled, n_estimators=36, criterion = entropy",2023-05-07 16:04:50.146097,0.7777777777777778,0.875,0.823529411764706,0.02260640578845805,0.8246493857097217,,,"[0.549019607, 0.642857142]","[0.48076923, 0.620689655]",0.8252391438130513
DecisionTreeClassifier,The referencemax_leaf_nodes : 6 + with date columns,2023-05-07 16:06:39.846498,0.8918918918918919,0.825,0.8571428571428571,0.01657803091153596,0.8575660878138084,,,"[0.666666666, 0.666666666, 0.006575486]","[0.661016949, 0.661016949, 0.006863327]",0.8579002092121394
Random Forest Classifier,The referencen_estimators : 36 + Entropy,2023-05-07 16:06:40.964615,0.813953488372093,0.875,0.8433734939759036,0.019592218349997,0.8436547778318206,,,"[0.69090909, 0.666666666, 0.007513148]","[0.649122807, 0.649122807, 0.007794933]",0.8439954400449543
Random Forest ClassifierWeighted,The referencen_estimators : 36 + Entropy,2023-05-07 16:06:42.119820,0.8043478260869565,0.925,0.8604651162790697,0.01808512463076648,0.8623237993005274,,,0,0,0.8630341854166385
Random Forest ClassifierWeighted,The referencen_estimators : 36 + Entropy,2023-05-07 16:06:43.284025,0.8043478260869565,0.925,0.8604651162790697,0.01808512463076648,0.8623237993005274,,,0,0,0.8630341854166385
XGBClassifier,The referencescale_pos_weight = 22,2023-05-07 16:06:44.655298,0.8222222222222222,0.925,0.8705882352941177,0.01657803091153596,0.8718737582611037,,,"[0.677419354, 0.711864406, 0.092764378]","[0.676923076, 0.715447154, 0.096564531]",0.8724210539443609
RandomForestClassifierUpperSampling,"The referenceupsampled, n_estimators=36, criterion = entropy",2023-05-07 16:06:46.985581,0.7777777777777778,0.875,0.823529411764706,0.02260640578845805,0.8246493857097217,,,"[0.678571428, 0.642857142]","[0.637168141, 0.620689655]",0.8252391438130513
RandomForestClassifierUnderSampling,"The referenceundersampled, n_estimators=36, criterion = entropy",2023-05-07 16:06:49.225306,0.7777777777777778,0.875,0.823529411764706,0.02260640578845805,0.8246493857097217,,,"[0.549019607, 0.642857142]","[0.48076923, 0.620689655]",0.8252391438130513
DecisionTreeClassifier,The referencemax_leaf_nodes : 6 + with date columns,2023-05-07 16:18:07.525232,0.8918918918918919,0.825,0.8571428571428571,0.01657803091153596,0.8575660878138084,,,"[0.666666666, 0.666666666, 0.006575486]","[0.661016949, 0.661016949, 0.006863327]",0.8579002092121394
Random Forest Classifier,The referencen_estimators : 36 + Entropy,2023-05-07 16:18:08.644543,0.813953488372093,0.875,0.8433734939759036,0.019592218349997,0.8436547778318206,,,"[0.69090909, 0.666666666, 0.007513148]","[0.649122807, 0.649122807, 0.007794933]",0.8439954400449543
XGBClassifier,The referencescale_pos_weight = 22,2023-05-07 16:18:09.978976,0.8222222222222222,0.925,0.8705882352941177,0.01657803091153596,0.8718737582611037,,,[0.678571428],[0.666666666],0.8724210539443609
Random Forest ClassifierWeighted500,The referencen_estimators : 36 + Entropy,2023-05-07 16:18:11.182394,0.8043478260869565,0.925,0.8604651162790697,0.01808512463076648,0.8623237993005274,,,[0.703703703],[0.654867256],0.8630341854166385
Random Forest ClassifierWeighted22,The referencen_estimators : 36 + Entropy,2023-05-07 16:18:12.345061,0.8043478260869565,0.925,0.8604651162790697,0.01808512463076648,0.8623237993005274,,,"[0.677419354, 0.711864406, 0.092764378]","[0.676923076, 0.715447154, 0.096564531]",0.8630341854166385
RandomForestClassifierUpperSampling,"The referenceupsampled, n_estimators=36, criterion = entropy",2023-05-07 16:18:14.746954,0.7777777777777778,0.875,0.823529411764706,0.02260640578845805,0.8246493857097217,,,"[0.678571428, 0.642857142]","[0.637168141, 0.620689655]",0.8252391438130513
RandomForestClassifierUnderSampling,"The referenceundersampled, n_estimators=36, criterion = entropy",2023-05-07 16:18:17.128582,0.7777777777777778,0.875,0.823529411764706,0.02260640578845805,0.8246493857097217,,,"[0.549019607, 0.642857142]","[0.48076923, 0.620689655]",0.8252391438130513
DecisionTreeClassifier,The referencemax_leaf_nodes : 6 + with date columns,2023-05-07 16:20:22.985321,0.8918918918918919,0.825,0.8571428571428571,0.01657803091153596,0.8575660878138084,,,"[0.666666666, 0.666666666, 0.006575486]","[0.661016949, 0.661016949, 0.006863327]",0.8579002092121394
Random Forest Classifier,The referencen_estimators : 36 + Entropy,2023-05-07 16:20:24.111018,0.813953488372093,0.875,0.8433734939759036,0.019592218349997,0.8436547778318206,,,"[0.69090909, 0.666666666, 0.007513148]","[0.649122807, 0.649122807, 0.007794933]",0.8439954400449543
XGBClassifier,The referencescale_pos_weight = 22,2023-05-07 16:20:25.457062,0.8222222222222222,0.925,0.8705882352941177,0.01657803091153596,0.8718737582611037,,,[0.678571428],[0.666666666],0.8724210539443609
Random Forest ClassifierWeighted500,The referencen_estimators : 36 + Entropy,2023-05-07 16:20:26.641195,0.8043478260869565,0.925,0.8604651162790697,0.01808512463076648,0.8623237993005274,,,[0.703703703],[0.654867256],0.8630341854166385
Random Forest ClassifierWeighted22,The referencen_estimators : 36 + Entropy,2023-05-07 16:20:27.814273,0.8043478260869565,0.925,0.8604651162790697,0.01808512463076648,0.8623237993005274,,,"[0.677419354, 0.711864406, 0.092764378]","[0.676923076, 0.715447154, 0.096564531]",0.8630341854166385
RandomForestClassifierUpperSampling,"The referenceupsampled, n_estimators=36, criterion = entropy",2023-05-07 16:20:30.191943,0.7777777777777778,0.875,0.823529411764706,0.02260640578845805,0.8246493857097217,,,"[0.678571428, 0.642857142]","[0.637168141, 0.620689655]",0.8252391438130513
RandomForestClassifierUnderSampling,"The referenceundersampled, n_estimators=36, criterion = entropy",2023-05-07 16:20:32.609791,0.7777777777777778,0.875,0.823529411764706,0.02260640578845805,0.8246493857097217,,,"[0.549019607, 0.642857142]","[0.48076923, 0.620689655]",0.8252391438130513
DecisionTreeClassifier,The referencemax_leaf_nodes : 6 + with date columns,2023-05-07 16:20:36.054534,0.8918918918918919,0.825,0.8571428571428571,0.01657803091153596,0.8575660878138084,,,"[0.666666666, 0.666666666, 0.006575486]","[0.661016949, 0.661016949, 0.006863327]",0.8579002092121394
Random Forest Classifier,The referencen_estimators : 36 + Entropy,2023-05-07 16:20:37.199047,0.813953488372093,0.875,0.8433734939759036,0.019592218349997,0.8436547778318206,,,"[0.69090909, 0.666666666, 0.007513148]","[0.649122807, 0.649122807, 0.007794933]",0.8439954400449543
XGBClassifier,The referencescale_pos_weight = 22,2023-05-07 16:20:38.541909,0.8222222222222222,0.925,0.8705882352941177,0.01657803091153596,0.8718737582611037,,,[0.678571428],[0.666666666],0.8724210539443609
Random Forest ClassifierWeighted500,The referencen_estimators : 36 + Entropy,2023-05-07 16:20:39.727321,0.8043478260869565,0.925,0.8604651162790697,0.01808512463076648,0.8623237993005274,,,[0.703703703],[0.654867256],0.8630341854166385
Random Forest ClassifierWeighted22,The referencen_estimators : 36 + Entropy,2023-05-07 16:20:40.875409,0.8043478260869565,0.925,0.8604651162790697,0.01808512463076648,0.8623237993005274,,,"[0.677419354, 0.711864406, 0.092764378]","[0.676923076, 0.715447154, 0.096564531]",0.8630341854166385
RandomForestClassifierUpperSampling,"The referenceupsampled, n_estimators=36, criterion = entropy",2023-05-07 16:20:43.221066,0.7777777777777778,0.875,0.823529411764706,0.02260640578845805,0.8246493857097217,,,"[0.678571428, 0.642857142]","[0.637168141, 0.620689655]",0.8252391438130513
RandomForestClassifierUnderSampling,"The referenceundersampled, n_estimators=36, criterion = entropy",2023-05-07 16:20:45.509647,0.7777777777777778,0.875,0.823529411764706,0.02260640578845805,0.8246493857097217,,,"[0.549019607, 0.642857142]","[0.48076923, 0.620689655]",0.8252391438130513
DecisionTreeClassifier,Delete very low MImax_leaf_nodes : 6 + with date columns,2023-05-07 16:21:03.031324,0.6666666666666666,0.1,0.1739130434782609,0.057269561330760034,0.2577991157629868,,,"[0.666666666, 0.666666666, 0.006575486]","[0.661016949, 0.661016949, 0.006863327]",0.29959470647697856
Random Forest Classifier,Delete very low MIn_estimators : 36 + Entropy,2023-05-07 16:21:04.362404,0.68,0.425,0.5230769230769231,0.046719905296146384,0.5369947195452252,,,"[0.69090909, 0.666666666, 0.007513148]","[0.649122807, 0.649122807, 0.007794933]",0.541267910655537
XGBClassifier,Delete very low MIscale_pos_weight = 22,2023-05-07 16:21:06.316333,0.4864864864864865,0.45,0.4675324675324675,0.061790842488451604,0.4670309695496863,,,[0.678571428],[0.666666666],0.4677624808921601
Random Forest ClassifierWeighted500,Delete very low MIn_estimators : 36 + Entropy,2023-05-07 16:21:07.697831,0.7619047619047619,0.4,0.5245901639344264,0.04370571785768535,0.5515440171770266,,,[0.703703703],[0.654867256],0.5595097357540537
Random Forest ClassifierWeighted22,Delete very low MIn_estimators : 36 + Entropy,2023-05-07 16:21:09.007081,0.75,0.45,0.5625000000000001,0.04219862413845483,0.5804286286668228,,,"[0.677419354, 0.711864406, 0.092764378]","[0.676923076, 0.715447154, 0.096564531]",0.5857321571667058
RandomForestClassifierUpperSampling,"Delete very low MIupsampled, n_estimators=36, criterion = entropy",2023-05-07 16:21:11.880927,0.4857142857142857,0.425,0.45333333333333337,0.061790842488451604,0.45349068200108045,,,"[0.678571428, 0.642857142]","[0.637168141, 0.620689655]",0.4543845752621749
RandomForestClassifierUnderSampling,"Delete very low MIundersampled, n_estimators=36, criterion = entropy",2023-05-07 16:21:14.756381,0.4857142857142857,0.425,0.45333333333333337,0.061790842488451604,0.45349068200108045,,,"[0.549019607, 0.642857142]","[0.48076923, 0.620689655]",0.4543845752621749
DecisionTreeClassifier,Delete low MImax_leaf_nodes : 6 + with date columns,2023-05-07 16:21:14.922317,0.5,0.05,0.09090909090909091,0.06028374876922109,0.15773012408095563,,,"[0.666666666, 0.666666666, 0.006575486]","[0.661016949, 0.661016949, 0.006863327]",0.19965980374751166
Random Forest Classifier,Delete low MIn_estimators : 36 + Entropy,2023-05-07 16:21:15.848270,0.8095238095238095,0.425,0.5573770491803278,0.0406915304192243,0.5860913559863111,,,"[0.69090909, 0.666666666, 0.007513148]","[0.649122807, 0.649122807, 0.007794933]",0.5944980536726121
XGBClassifier,Delete low MIscale_pos_weight = 22,2023-05-07 16:21:16.816445,0.25925925925925924,0.7,0.37837837837837834,0.1386526221692082,0.42457232834168274,,,[0.678571428],[0.666666666],0.44055249149483006
Random Forest ClassifierWeighted500,Delete low MIn_estimators : 36 + Entropy,2023-05-07 16:21:17.865596,0.7777777777777778,0.35,0.48275862068965514,0.04521281157691587,0.5212593563919251,,,[0.703703703],[0.654867256],0.5329489387148395
Random Forest ClassifierWeighted22,Delete low MIn_estimators : 36 + Entropy,2023-05-07 16:21:18.835890,0.8235294117647058,0.35,0.4912280701754386,0.04370571785768534,0.5364244456972286,,,"[0.677419354, 0.711864406, 0.092764378]","[0.676923076, 0.715447154, 0.096564531]",0.5502954819093432
RandomForestClassifierUpperSampling,"Delete low MIupsampled, n_estimators=36, criterion = entropy",2023-05-07 16:21:20.964606,0.25252525252525254,0.625,0.3597122302158273,0.13413134101151664,0.39579533235433695,,,"[0.678571428, 0.642857142]","[0.637168141, 0.620689655]",0.40825820377385424
RandomForestClassifierUnderSampling,"Delete low MIundersampled, n_estimators=36, criterion = entropy",2023-05-07 16:21:23.168823,0.25252525252525254,0.625,0.3597122302158273,0.13413134101151664,0.39579533235433695,,,"[0.549019607, 0.642857142]","[0.48076923, 0.620689655]",0.40825820377385424
DecisionTreeClassifier,Delete medium MImax_leaf_nodes : 6 + with date columns,2023-05-07 16:21:23.298896,,0.0,,0.06028374876922109,0.0,,,"[0.666666666, 0.666666666, 0.006575486]","[0.661016949, 0.661016949, 0.006863327]",0.0
Random Forest Classifier,Delete medium MIn_estimators : 36 + Entropy,2023-05-07 16:21:23.757894,,0.0,,0.06028374876922109,0.0,,,"[0.69090909, 0.666666666, 0.007513148]","[0.649122807, 0.649122807, 0.007794933]",0.0
XGBClassifier,Delete medium MIscale_pos_weight = 22,2023-05-07 16:21:24.180879,0.15217391304347827,0.175,0.1627906976744186,0.10851074778459775,0.1616854682371898,,,[0.678571428],[0.666666666],0.16291251973877166
Random Forest ClassifierWeighted500,Delete medium MIn_estimators : 36 + Entropy,2023-05-07 16:21:24.682968,,0.0,,0.06028374876922109,0.0,,,[0.703703703],[0.654867256],0.0
Random Forest ClassifierWeighted22,Delete medium MIn_estimators : 36 + Entropy,2023-05-07 16:21:25.120595,,0.0,,0.06028374876922109,0.0,,,"[0.677419354, 0.711864406, 0.092764378]","[0.676923076, 0.715447154, 0.096564531]",0.0
RandomForestClassifierUpperSampling,"Delete medium MIupsampled, n_estimators=36, criterion = entropy",2023-05-07 16:21:25.965977,0.010615711252653927,0.875,0.020976925382079712,4.923675180726113,0.087517707490139,,,"[0.678571428, 0.642857142]","[0.637168141, 0.620689655]",0.24852758603121816
RandomForestClassifierUnderSampling,"Delete medium MIundersampled, n_estimators=36, criterion = entropy",2023-05-07 16:21:26.740440,0.010615711252653927,0.875,0.020976925382079712,4.923675180726113,0.087517707490139,,,"[0.549019607, 0.642857142]","[0.48076923, 0.620689655]",0.24852758603121816
DecisionTreeClassifier,Kmeans UnderSamplingmax_leaf_nodes : 6 + with date columns,2023-05-07 16:21:51.854504,0.9803921568627451,1.0,0.99009900990099,0.371584055557909,0.9795574252027907,,,"[0.666666666, 0.666666666, 0.006575486]","[0.661016949, 0.661016949, 0.006863327]",0.9875121479916315
Random Forest Classifier,Kmeans UnderSamplingn_estimators : 36 + Entropy,2023-05-07 16:21:52.013182,0.9795918367346939,0.96,0.9696969696969697,1.1147521666737266,0.9383242022792591,,,"[0.69090909, 0.666666666, 0.007513148]","[0.649122807, 0.649122807, 0.007794933]",0.9619032521777306
XGBClassifier,Kmeans UnderSamplingscale_pos_weight = 22,2023-05-07 16:21:52.119383,0.9795918367346939,0.96,0.9696969696969697,1.1147521666737266,0.9383242022792591,,,"[0.677419354, 0.711864406, 0.092764378]","[0.676923076, 0.715447154, 0.096564531]",0.9619032521777306
DecisionTreeClassifier,SMOTEmax_leaf_nodes : 6 + with date columns,2023-05-07 16:22:10.332605,0.11337209302325581,0.975,0.20312499999999997,0.46117067808453976,0.33022525191612273,,,"[0.666666666, 0.666666666, 0.006575486]","[0.661016949, 0.661016949, 0.006863327]",0.4054305862348446
Random Forest Classifier,SMOTEn_estimators : 36 + Entropy,2023-05-07 16:22:14.307091,0.72,0.9,0.7999999999999999,0.027127686946149605,0.8046285321834306,,,"[0.69090909, 0.666666666, 0.007513148]","[0.649122807, 0.649122807, 0.007794933]",0.8061571330458577
XGBClassifier,SMOTEscale_pos_weight = 22,2023-05-07 16:22:17.739702,0.8043478260869565,0.925,0.8604651162790697,0.01808512463076648,0.8623237993005274,,,"[0.677419354, 0.711864406, 0.092764378]","[0.676923076, 0.715447154, 0.096564531]",0.8630341854166385
DecisionTreeClassifier,Delete very low MImax_leaf_nodes : 6 + with date columns,2023-05-07 16:22:36.478009,0.8292682926829268,0.85,0.8395061728395061,0.019592218349997,0.8392981495416788,,,"[0.666666666, 0.666666666, 0.006575486]","[0.661016949, 0.661016949, 0.006863327]",0.8395181537660279
Random Forest Classifier,Delete very low MIn_estimators : 36 + Entropy,2023-05-07 16:22:37.824611,0.7906976744186046,0.85,0.8192771084337349,0.02260640578845805,0.8195007235944731,,,"[0.69090909, 0.666666666, 0.007513148]","[0.649122807, 0.649122807, 0.007794933]",0.819868876611703
XGBClassifier,Delete very low MIscale_pos_weight = 22,2023-05-07 16:22:39.223006,0.8372093023255814,0.9,0.8674698795180723,0.01657803091153596,0.867808832069168,,,[0.678571428],[0.666666666],0.8681220034782055
Random Forest ClassifierWeighted500,Delete very low MIn_estimators : 36 + Entropy,2023-05-07 16:22:40.465386,0.7727272727272727,0.85,0.8095238095238095,0.024113499507688565,0.8101117242890487,,,[0.703703703],[0.654867256],0.8105907016350328
Random Forest ClassifierWeighted22,Delete very low MIn_estimators : 36 + Entropy,2023-05-07 16:22:41.679868,0.7555555555555555,0.85,0.7999999999999998,0.025620593226919088,0.8010371994340306,,,"[0.677419354, 0.711864406, 0.092764378]","[0.676923076, 0.715447154, 0.096564531]",0.8016481887473965
RandomForestClassifierUpperSampling,"Delete very low MIupsampled, n_estimators=36, criterion = entropy",2023-05-07 16:22:44.251518,0.782608695652174,0.9,0.8372093023255814,0.02109931206922752,0.8389691882650828,,,"[0.678571428, 0.642857142]","[0.637168141, 0.620689655]",0.8396967965607095
RandomForestClassifierUnderSampling,"Delete very low MIundersampled, n_estimators=36, criterion = entropy",2023-05-07 16:22:46.667679,0.782608695652174,0.9,0.8372093023255814,0.02109931206922752,0.8389691882650828,,,"[0.549019607, 0.642857142]","[0.48076923, 0.620689655]",0.8396967965607095
DecisionTreeClassifier,Delete low MImax_leaf_nodes : 6 + with date columns,2023-05-07 16:22:46.833064,0.5,0.05,0.09090909090909091,0.06028374876922109,0.15773012408095563,,,"[0.666666666, 0.666666666, 0.006575486]","[0.661016949, 0.661016949, 0.006863327]",0.19965980374751166
Random Forest Classifier,Delete low MIn_estimators : 36 + Entropy,2023-05-07 16:22:47.849317,0.8095238095238095,0.425,0.5573770491803278,0.0406915304192243,0.5860913559863111,,,"[0.69090909, 0.666666666, 0.007513148]","[0.649122807, 0.649122807, 0.007794933]",0.5944980536726121
XGBClassifier,Delete low MIscale_pos_weight = 22,2023-05-07 16:22:48.700267,0.25925925925925924,0.7,0.37837837837837834,0.1386526221692082,0.42457232834168274,,,[0.678571428],[0.666666666],0.44055249149483006
Random Forest ClassifierWeighted500,Delete low MIn_estimators : 36 + Entropy,2023-05-07 16:22:49.631555,0.7777777777777778,0.35,0.48275862068965514,0.04521281157691587,0.5212593563919251,,,[0.703703703],[0.654867256],0.5329489387148395
Random Forest ClassifierWeighted22,Delete low MIn_estimators : 36 + Entropy,2023-05-07 16:22:50.558081,0.8235294117647058,0.35,0.4912280701754386,0.04370571785768534,0.5364244456972286,,,"[0.677419354, 0.711864406, 0.092764378]","[0.676923076, 0.715447154, 0.096564531]",0.5502954819093432
RandomForestClassifierUpperSampling,"Delete low MIupsampled, n_estimators=36, criterion = entropy",2023-05-07 16:22:52.889760,0.25252525252525254,0.625,0.3597122302158273,0.13413134101151664,0.39579533235433695,,,"[0.678571428, 0.642857142]","[0.637168141, 0.620689655]",0.40825820377385424
RandomForestClassifierUnderSampling,"Delete low MIundersampled, n_estimators=36, criterion = entropy",2023-05-07 16:22:55.159680,0.25252525252525254,0.625,0.3597122302158273,0.13413134101151664,0.39579533235433695,,,"[0.549019607, 0.642857142]","[0.48076923, 0.620689655]",0.40825820377385424
DecisionTreeClassifier,Delete medium MImax_leaf_nodes : 6 + with date columns,2023-05-07 16:22:55.303919,,0.0,,0.06028374876922109,0.0,,,"[0.666666666, 0.666666666, 0.006575486]","[0.661016949, 0.661016949, 0.006863327]",0.0
Random Forest Classifier,Delete medium MIn_estimators : 36 + Entropy,2023-05-07 16:22:55.759773,,0.0,,0.06028374876922109,0.0,,,"[0.69090909, 0.666666666, 0.007513148]","[0.649122807, 0.649122807, 0.007794933]",0.0
XGBClassifier,Delete medium MIscale_pos_weight = 22,2023-05-07 16:22:56.253745,0.15217391304347827,0.175,0.1627906976744186,0.10851074778459775,0.1616854682371898,,,[0.678571428],[0.666666666],0.16291251973877166
Random Forest ClassifierWeighted500,Delete medium MIn_estimators : 36 + Entropy,2023-05-07 16:22:56.735739,,0.0,,0.06028374876922109,0.0,,,[0.703703703],[0.654867256],0.0
Random Forest ClassifierWeighted22,Delete medium MIn_estimators : 36 + Entropy,2023-05-07 16:22:57.166770,,0.0,,0.06028374876922109,0.0,,,"[0.677419354, 0.711864406, 0.092764378]","[0.676923076, 0.715447154, 0.096564531]",0.0
RandomForestClassifierUpperSampling,"Delete medium MIupsampled, n_estimators=36, criterion = entropy",2023-05-07 16:22:58.036576,0.010397553516819572,0.85,0.020543806646525678,4.885997837745351,0.08497687548068528,,,"[0.678571428, 0.642857142]","[0.637168141, 0.620689655]",0.24147955891100764
RandomForestClassifierUnderSampling,"Delete medium MIundersampled, n_estimators=36, criterion = entropy",2023-05-07 16:22:58.803633,0.010397553516819572,0.85,0.020543806646525678,4.885997837745351,0.08497687548068528,,,"[0.549019607, 0.642857142]","[0.48076923, 0.620689655]",0.24147955891100764
DecisionTreeClassifier,Delete very low MImax_leaf_nodes : 6 + with date columns,2023-05-07 16:24:22.693078,0.6666666666666666,0.1,0.1739130434782609,0.057269561330760034,0.2577991157629868,,,"[0.666666666, 0.666666666, 0.006575486]","[0.661016949, 0.661016949, 0.006863327]",0.29959470647697856
Random Forest Classifier,Delete very low MIn_estimators : 36 + Entropy,2023-05-07 16:24:24.099762,0.7391304347826086,0.425,0.5396825396825397,0.04370571785768535,0.5599426923989851,,,"[0.69090909, 0.666666666, 0.007513148]","[0.649122807, 0.649122807, 0.007794933]",0.5659389167160334
XGBClassifier,Delete very low MIscale_pos_weight = 22,2023-05-07 16:24:26.026369,0.4782608695652174,0.55,0.5116279069767442,0.06329793620768213,0.5120046337688586,,,[0.678571428],[0.666666666],0.5129733525777052
Random Forest ClassifierWeighted500,Delete very low MIn_estimators : 36 + Entropy,2023-05-07 16:24:27.450751,0.782608695652174,0.45,0.5714285714285714,0.040691530419224305,0.5929551992556359,,,[0.703703703],[0.654867256],0.5992481165840953
Random Forest ClassifierWeighted22,Delete very low MIn_estimators : 36 + Entropy,2023-05-07 16:24:28.876960,0.6666666666666666,0.4,0.5,0.04822699901537691,0.5157924183001145,,,"[0.677419354, 0.711864406, 0.092764378]","[0.676923076, 0.715447154, 0.096564531]",0.5206147712416953
RandomForestClassifierUpperSampling,"Delete very low MIupsampled, n_estimators=36, criterion = entropy",2023-05-07 16:24:31.855346,0.4864864864864865,0.45,0.4675324675324675,0.061790842488451604,0.4670309695496863,,,"[0.678571428, 0.642857142]","[0.637168141, 0.620689655]",0.4677624808921601
RandomForestClassifierUnderSampling,"Delete very low MIundersampled, n_estimators=36, criterion = entropy",2023-05-07 16:24:34.736984,0.4864864864864865,0.45,0.4675324675324675,0.061790842488451604,0.4670309695496863,,,"[0.549019607, 0.642857142]","[0.48076923, 0.620689655]",0.4677624808921601
DecisionTreeClassifier,Delete very low MImax_leaf_nodes : 6 + with date columns,2023-05-07 16:25:00.487912,0.8292682926829268,0.85,0.8395061728395061,0.019592218349997,0.8392981495416788,,,"[0.666666666, 0.666666666, 0.006575486]","[0.661016949, 0.661016949, 0.006863327]",0.8395181537660279
Random Forest Classifier,Delete very low MIn_estimators : 36 + Entropy,2023-05-07 16:25:01.726226,0.7555555555555555,0.85,0.7999999999999998,0.025620593226919088,0.8010371994340306,,,"[0.69090909, 0.666666666, 0.007513148]","[0.649122807, 0.649122807, 0.007794933]",0.8016481887473965
XGBClassifier,Delete very low MIscale_pos_weight = 22,2023-05-07 16:25:03.061668,0.8372093023255814,0.9,0.8674698795180723,0.01657803091153596,0.867808832069168,,,[0.678571428],[0.666666666],0.8681220034782055
Random Forest ClassifierWeighted500,Delete very low MIn_estimators : 36 + Entropy,2023-05-07 16:25:04.320811,0.7555555555555555,0.85,0.7999999999999998,0.025620593226919088,0.8010371994340306,,,[0.703703703],[0.654867256],0.8016481887473965
Random Forest ClassifierWeighted22,Delete very low MIn_estimators : 36 + Entropy,2023-05-07 16:25:05.529656,0.7674418604651163,0.825,0.7951807228915662,0.025620593226919088,0.7953466693571257,,,"[0.677419354, 0.711864406, 0.092764378]","[0.676923076, 0.715447154, 0.096564531]",0.795742313178452
RandomForestClassifierUpperSampling,"Delete very low MIupsampled, n_estimators=36, criterion = entropy",2023-05-07 16:25:07.941608,0.7777777777777778,0.875,0.823529411764706,0.02260640578845805,0.8246493857097217,,,"[0.678571428, 0.642857142]","[0.637168141, 0.620689655]",0.8252391438130513
RandomForestClassifierUnderSampling,"Delete very low MIundersampled, n_estimators=36, criterion = entropy",2023-05-07 16:25:10.240584,0.7777777777777778,0.875,0.823529411764706,0.02260640578845805,0.8246493857097217,,,"[0.549019607, 0.642857142]","[0.48076923, 0.620689655]",0.8252391438130513
DecisionTreeClassifier,Delete very low MImax_leaf_nodes : 6 + with date columns,2023-05-07 16:26:32.201149,0.8292682926829268,0.85,0.8395061728395061,0.019592218349997,0.8392981495416788,,,"[0.666666666, 0.666666666, 0.006575486]","[0.661016949, 0.661016949, 0.006863327]",0.8395181537660279
Random Forest Classifier,Delete very low MIn_estimators : 36 + Entropy,2023-05-07 16:26:33.412908,0.7555555555555555,0.85,0.7999999999999998,0.025620593226919088,0.8010371994340306,,,"[0.69090909, 0.666666666, 0.007513148]","[0.649122807, 0.649122807, 0.007794933]",0.8016481887473965
XGBClassifier,Delete very low MIscale_pos_weight = 22,2023-05-07 16:26:34.712087,0.8372093023255814,0.9,0.8674698795180723,0.01657803091153596,0.867808832069168,,,[0.678571428],[0.666666666],0.8681220034782055
Random Forest ClassifierWeighted500,Delete very low MIn_estimators : 36 + Entropy,2023-05-07 16:26:35.977401,0.7555555555555555,0.85,0.7999999999999998,0.025620593226919088,0.8010371994340306,,,[0.703703703],[0.654867256],0.8016481887473965
Random Forest ClassifierWeighted22,Delete very low MIn_estimators : 36 + Entropy,2023-05-07 16:26:37.262681,0.7674418604651163,0.825,0.7951807228915662,0.025620593226919088,0.7953466693571257,,,"[0.677419354, 0.711864406, 0.092764378]","[0.676923076, 0.715447154, 0.096564531]",0.795742313178452
RandomForestClassifierUpperSampling,"Delete very low MIupsampled, n_estimators=36, criterion = entropy",2023-05-07 16:26:39.619174,0.7777777777777778,0.875,0.823529411764706,0.02260640578845805,0.8246493857097217,,,"[0.678571428, 0.642857142]","[0.637168141, 0.620689655]",0.8252391438130513
RandomForestClassifierUnderSampling,"Delete very low MIundersampled, n_estimators=36, criterion = entropy",2023-05-07 16:26:41.922853,0.7777777777777778,0.875,0.823529411764706,0.02260640578845805,0.8246493857097217,,,"[0.549019607, 0.642857142]","[0.48076923, 0.620689655]",0.8252391438130513
DecisionTreeClassifier,The referencemax_leaf_nodes : 6 + with date columns,2023-05-07 16:29:46.815175,0.8918918918918919,0.825,0.8571428571428571,0.01657803091153596,0.8575660878138084,,,"[0.666666666, 0.666666666, 0.006575486]","[0.661016949, 0.661016949, 0.006863327]",0.8579002092121394
Random Forest Classifier,The referencen_estimators : 36 + Entropy,2023-05-07 16:29:47.996356,0.813953488372093,0.875,0.8433734939759036,0.019592218349997,0.8436547778318206,,,"[0.69090909, 0.666666666, 0.007513148]","[0.649122807, 0.649122807, 0.007794933]",0.8439954400449543
XGBClassifier,The referencescale_pos_weight = 22,2023-05-07 16:29:49.487206,0.8222222222222222,0.925,0.8705882352941177,0.01657803091153596,0.8718737582611037,,,"[0.677419354, 0.711864406, 0.092764378]","[0.676923076, 0.715447154, 0.096564531]",0.8724210539443609
Random Forest ClassifierWeighted500,The referencen_estimators : 36 + Entropy,2023-05-07 16:29:50.689128,0.8043478260869565,0.925,0.8604651162790697,0.01808512463076648,0.8623237993005274,,,[0.678571428],[0.666666666],0.8630341854166385
Random Forest ClassifierWeighted22,The referencen_estimators : 36 + Entropy,2023-05-07 16:29:51.854001,0.8043478260869565,0.925,0.8604651162790697,0.01808512463076648,0.8623237993005274,,,[0.703703703],[0.654867256],0.8630341854166385
RandomForestClassifierUpperSampling,"The referenceupsampled, n_estimators=36, criterion = entropy",2023-05-07 16:29:54.212174,0.7777777777777778,0.875,0.823529411764706,0.02260640578845805,0.8246493857097217,,,"[0.678571428, 0.642857142]","[0.637168141, 0.620689655]",0.8252391438130513
RandomForestClassifierUnderSampling,"The referenceundersampled, n_estimators=36, criterion = entropy",2023-05-07 16:29:56.454271,0.7777777777777778,0.875,0.823529411764706,0.02260640578845805,0.8246493857097217,,,"[0.549019607, 0.642857142]","[0.48076923, 0.620689655]",0.8252391438130513
DecisionTreeClassifier,Delete very low MImax_leaf_nodes : 6 + with date columns,2023-05-07 16:30:13.941221,0.9428571428571428,0.825,0.88,0.013563843473074917,0.8817802242493242,,,"[0.666666666, 0.666666666, 0.006575486]","[0.661016949, 0.661016949, 0.006863327]",0.8824093417766168
Random Forest Classifier,Delete very low MIn_estimators : 36 + Entropy,2023-05-07 16:30:15.122144,0.782608695652174,0.9,0.8372093023255814,0.021099312069227525,0.8389691882650828,,,"[0.69090909, 0.666666666, 0.007513148]","[0.649122807, 0.649122807, 0.007794933]",0.8396967965607095
XGBClassifier,Delete very low MIscale_pos_weight = 22,2023-05-07 16:30:16.312527,0.8604651162790697,0.925,0.891566265060241,0.013563843473074915,0.8919628863065155,,,"[0.677419354, 0.711864406, 0.092764378]","[0.676923076, 0.715447154, 0.096564531]",0.8922485669114566
Random Forest ClassifierWeighted500,Delete very low MIn_estimators : 36 + Entropy,2023-05-07 16:30:17.497220,0.7608695652173914,0.875,0.813953488372093,0.024113499507688565,0.8156145772296383,,,[0.678571428],[0.666666666],0.8163594077047807
Random Forest ClassifierWeighted22,Delete very low MIn_estimators : 36 + Entropy,2023-05-07 16:30:18.625953,0.7555555555555555,0.85,0.7999999999999998,0.025620593226919088,0.8010371994340306,,,[0.703703703],[0.654867256],0.8016481887473965
RandomForestClassifierUpperSampling,"Delete very low MIupsampled, n_estimators=36, criterion = entropy",2023-05-07 16:30:21.059364,0.7083333333333334,0.85,0.7727272727272727,0.03014187438461066,0.7755349541776932,,,"[0.678571428, 0.642857142]","[0.637168141, 0.620689655]",0.7766488900595748
RandomForestClassifierUnderSampling,"Delete very low MIundersampled, n_estimators=36, criterion = entropy",2023-05-07 16:30:23.314014,0.7083333333333334,0.85,0.7727272727272727,0.03014187438461066,0.7755349541776932,,,"[0.549019607, 0.642857142]","[0.48076923, 0.620689655]",0.7766488900595748
DecisionTreeClassifier,Delete low MImax_leaf_nodes : 6 + with date columns,2023-05-07 16:30:23.482611,0.5,0.05,0.09090909090909091,0.06028374876922109,0.15773012408095563,,,"[0.666666666, 0.666666666, 0.006575486]","[0.661016949, 0.661016949, 0.006863327]",0.19965980374751166
Random Forest Classifier,Delete low MIn_estimators : 36 + Entropy,2023-05-07 16:30:24.429001,0.6153846153846154,0.4,0.4848484848484849,0.05124118645383795,0.495474200352689,,,"[0.69090909, 0.666666666, 0.007513148]","[0.649122807, 0.649122807, 0.007794933]",0.4989268251464473
XGBClassifier,Delete low MIscale_pos_weight = 22,2023-05-07 16:30:25.364763,0.391304347826087,0.675,0.4954128440366973,0.08289015455767891,0.5129084556669591,,,"[0.677419354, 0.711864406, 0.092764378]","[0.676923076, 0.715447154, 0.096564531]",0.5186564118824358
Random Forest ClassifierWeighted500,Delete low MIn_estimators : 36 + Entropy,2023-05-07 16:30:26.329033,0.6296296296296297,0.425,0.5074626865671642,0.04973409273460743,0.5166431103986452,,,[0.678571428],[0.666666666],0.5196838566488597
Random Forest ClassifierWeighted22,Delete low MIn_estimators : 36 + Entropy,2023-05-07 16:30:27.271725,0.6538461538461539,0.425,0.5151515151515152,0.04822699901537691,0.5265257311470869,,,[0.703703703],[0.654867256],0.530130850036189
RandomForestClassifierUpperSampling,"Delete low MIupsampled, n_estimators=36, criterion = entropy",2023-05-07 16:30:29.422086,0.3582089552238806,0.6,0.44859813084112143,0.08891852943460099,0.4624704580799411,,,"[0.678571428, 0.642857142]","[0.637168141, 0.620689655]",0.46731938603623574
RandomForestClassifierUnderSampling,"Delete low MIundersampled, n_estimators=36, criterion = entropy",2023-05-07 16:30:31.531002,0.3582089552238806,0.6,0.44859813084112143,0.08891852943460099,0.4624704580799411,,,"[0.549019607, 0.642857142]","[0.48076923, 0.620689655]",0.46731938603623574
DecisionTreeClassifier,Delete medium MImax_leaf_nodes : 6 + with date columns,2023-05-07 16:30:31.663343,,0.0,,0.06028374876922109,0.0,,,"[0.666666666, 0.666666666, 0.006575486]","[0.661016949, 0.661016949, 0.006863327]",0.0
Random Forest Classifier,Delete medium MIn_estimators : 36 + Entropy,2023-05-07 16:30:32.095585,,0.0,,0.06028374876922109,0.0,,,"[0.69090909, 0.666666666, 0.007513148]","[0.649122807, 0.649122807, 0.007794933]",0.0
XGBClassifier,Delete medium MIscale_pos_weight = 22,2023-05-07 16:30:32.543177,0.15217391304347827,0.175,0.1627906976744186,0.10851074778459775,0.1616854682371898,,,"[0.677419354, 0.711864406, 0.092764378]","[0.676923076, 0.715447154, 0.096564531]",0.16291251973877166
Random Forest ClassifierWeighted500,Delete medium MIn_estimators : 36 + Entropy,2023-05-07 16:30:33.010695,,0.0,,0.06028374876922109,0.0,,,[0.678571428],[0.666666666],0.0
Random Forest ClassifierWeighted22,Delete medium MIn_estimators : 36 + Entropy,2023-05-07 16:30:33.443986,,0.0,,0.06028374876922109,0.0,,,[0.703703703],[0.654867256],0.0
RandomForestClassifierUpperSampling,"Delete medium MIupsampled, n_estimators=36, criterion = entropy",2023-05-07 16:30:34.208445,0.010397553516819572,0.85,0.020543806646525678,4.885997837745351,0.08497687548068528,,,"[0.678571428, 0.642857142]","[0.637168141, 0.620689655]",0.24147955891100764
RandomForestClassifierUnderSampling,"Delete medium MIundersampled, n_estimators=36, criterion = entropy",2023-05-07 16:30:34.949979,0.010397553516819572,0.85,0.020543806646525678,4.885997837745351,0.08497687548068528,,,"[0.549019607, 0.642857142]","[0.48076923, 0.620689655]",0.24147955891100764
DecisionTreeClassifier,Kmeans UnderSamplingmax_leaf_nodes : 6 + with date columns,2023-05-07 16:31:00.117654,0.9803921568627451,1.0,0.99009900990099,0.371584055557909,0.9795574252027907,,,"[0.666666666, 0.666666666, 0.006575486]","[0.661016949, 0.661016949, 0.006863327]",0.9875121479916315
Random Forest Classifier,Kmeans UnderSamplingn_estimators : 36 + Entropy,2023-05-07 16:31:00.285578,0.9795918367346939,0.96,0.9696969696969697,1.1147521666737266,0.9383242022792591,,,"[0.69090909, 0.666666666, 0.007513148]","[0.649122807, 0.649122807, 0.007794933]",0.9619032521777306
XGBClassifier,Kmeans UnderSamplingon balanced data,2023-05-07 16:31:00.404309,0.9795918367346939,0.96,0.9696969696969697,1.1147521666737266,0.9383242022792591,,,"[0.677419354, 0.711864406, 0.092764378]","[0.676923076, 0.715447154, 0.096564531]",0.9619032521777306
DecisionTreeClassifier,SMOTEmax_leaf_nodes : 6 + with date columns,2023-05-07 16:31:18.853308,0.11337209302325581,0.975,0.20312499999999997,0.46117067808453976,0.33022525191612273,,,"[0.666666666, 0.666666666, 0.006575486]","[0.661016949, 0.661016949, 0.006863327]",0.4054305862348446
Random Forest Classifier,SMOTEn_estimators : 36 + Entropy,2023-05-07 16:31:22.707671,0.72,0.9,0.7999999999999999,0.027127686946149605,0.8046285321834306,,,"[0.69090909, 0.666666666, 0.007513148]","[0.649122807, 0.649122807, 0.007794933]",0.8061571330458577
XGBClassifier,SMOTEon balanced data,2023-05-07 16:31:25.958940,0.8043478260869565,0.925,0.8604651162790697,0.01808512463076648,0.8623237993005274,,,"[0.677419354, 0.711864406, 0.092764378]","[0.676923076, 0.715447154, 0.096564531]",0.8630341854166385
